time,temperature_2m (째C),relativehumidity_2m (%),dewpoint_2m (째C),apparent_temperature (째C),pressure_msl (hPa),surface_pressure (hPa),precipitation (mm),rain (mm),snowfall (cm),cloudcover (%),cloudcover_low (%),cloudcover_mid (%),cloudcover_high (%),windspeed_10m (km/h),winddirection_10m (째),windgusts_10m (km/h),et0_fao_evapotranspiration (mm),vapor_pressure_deficit (kPa)
2023-04-11T00:00,13.5,20,-9.1,9.3,1020.1,844.7,0,0,0,0,0,0,0,6.9,276,6.8,0.06,1.24
2023-04-11T01:00,11.5,24,-8.4,6,1020.8,844.2,0,0,0,0,0,0,0,16.3,332,20.5,0.11,1.03
2023-04-11T02:00,10.2,29,-7.1,6.2,1021.7,844.2,0,0,0,0,0,0,0,6.8,183,6.8,0.04,0.88
2023-04-11T03:00,8.9,29,-8.2,4.3,1022.5,844.1,0,0,0,0,0,0,0,10.2,198,16.9,0.06,0.81
2023-04-11T04:00,8.6,25,-10.4,3.7,1021.8,843.4,0,0,0,0,0,0,0,10.8,217,18,0.07,0.84
2023-04-11T05:00,7.9,22,-12.6,3.9,1021.6,842.8,0,0,0,0,0,0,0,4,243,8.6,0.02,0.83
2023-04-11T06:00,7.1,32,-8.5,1.7,1021.5,842.3,0,0,0,0,0,0,0,16.1,207,25.9,0.08,0.69
2023-04-11T07:00,8.7,29,-8.4,3.8,1019,841.1,0,0,0,0,0,0,0,12.3,195,25.2,0.07,0.8
2023-04-11T08:00,6.9,28,-10.4,2.5,1020,840.9,0,0,0,0,0,0,0,7.8,193,14.4,0.04,0.72
2023-04-11T09:00,7.4,28,-10,2.9,1019.6,840.9,0,0,0,0,0,0,0,8.7,197,10.8,0.03,0.74
2023-04-11T10:00,11.2,25,-8.1,7.4,1017.3,841.1,0,0,0,0,0,0,0,4.8,167,9.7,0.12,1
2023-04-11T11:00,17.1,20,-6.1,12.8,1013.4,841.1,0,0,0,0,0,0,0,9.8,204,19.8,0.31,1.56
2023-04-11T12:00,22.6,12,-8.2,19.3,1009.4,840.6,0,0,0,0,0,0,0,6.9,223,10.4,0.46,2.42
2023-04-11T13:00,25.5,10,-8.3,24.2,1007.2,840.3,0,0,0,0,0,0,0,1.5,225,14.4,0.56,2.94
2023-04-11T14:00,27.6,8,-9.7,26.5,1005.4,839.8,0,0,0,0,0,0,0,2.6,344,10.1,0.65,3.4
2023-04-11T15:00,28.5,7,-10.7,26.2,1003.7,838.8,0,0,0,0,0,0,0,9.5,53,19.1,0.73,3.62
2023-04-11T16:00,29.3,6,-12,27.6,1002,837.8,0,0,0,0,0,0,0,4.9,17,26.6,0.68,3.84
2023-04-11T17:00,29.8,8,-8,26.4,1001,837.2,0,0,0,0,0,0,0,12.9,36,34.9,0.68,3.87
2023-04-11T18:00,29.4,8,-8.3,24.2,1000.4,836.5,0,0,0,0,0,0,0,19,27,35.6,0.63,3.77
2023-04-11T19:00,29.6,9,-6.6,24,999.6,835.9,0,0,0,4,0,4,0,18.6,32,24.8,0.51,3.78
2023-04-11T20:00,28.3,9,-7.6,23.9,1000.6,836.1,0,0,0,99,0,99,0,9.2,315,19.1,0.28,3.5
2023-04-11T21:00,26.1,11,-6.7,21.5,1002,836.2,0,0,0,61,0,61,0,11.5,316,20.9,0.2,3.02
2023-04-11T22:00,22.2,14,-6.6,18.2,1004.8,836.6,0,0,0,48,0,48,0,6.9,9,10.8,0.11,2.3
2023-04-11T23:00,19.2,16,-7.3,14.9,1006.9,836.8,0,0,0,0,0,0,0,8.7,330,17.6,0.09,1.87
2023-04-12T00:00,17.5,15,-9.4,12.8,1008.3,837.1,0,0,0,0,0,0,0,10.5,239,18.7,0.11,1.71
2023-04-12T01:00,15.1,19,-8.4,10.6,1009.6,836.9,0,0,0,0,0,0,0,9.8,197,12.2,0.09,1.4
2023-04-12T02:00,14.2,21,-7.9,9.2,1009.8,836.5,0,0,0,0,0,0,0,12.8,232,16.6,0.1,1.28
2023-04-12T03:00,12.5,22,-8.6,8.1,1011.1,836.7,0,0,0,0,0,0,0,8.8,171,15.1,0.07,1.13
2023-04-12T04:00,11.1,23,-9.3,6.3,1011,835.9,0,0,0,0,0,0,0,10.9,197,15.1,0.08,1.02
2023-04-12T05:00,10.4,22,-10.4,6.2,1011,835.5,0,0,0,0,0,0,0,6.5,177,13.3,0.05,0.99
2023-04-12T06:00,10.3,23,-9.9,5.7,1010.9,835.3,0,0,0,0,0,0,0,9.6,193,16.9,0.07,0.97
2023-04-12T07:00,10.2,20,-11.8,4.9,1010.9,835.3,0,0,0,0,0,0,0,13.4,174,16.9,0.1,1
2023-04-12T08:00,10.3,20,-11.7,4.8,1010.4,834.9,0,0,0,0,0,0,0,14.1,199,24.8,0.1,1
2023-04-12T09:00,9.5,24,-10.1,4.8,1010.7,834.7,0,0,0,0,0,0,0,9.8,188,16.2,0.04,0.9
2023-04-12T10:00,15.5,20,-7.4,10.9,1007,834.9,0,0,0,0,0,0,0,10.9,197,15.5,0.18,1.41
2023-04-12T11:00,20.9,12,-9.6,15.4,1003.2,834.6,0,0,0,0,0,0,0,15.5,202,27.7,0.38,2.17
2023-04-12T12:00,24.9,12,-6.5,20.5,999.7,833.7,0,0,0,0,0,0,0,14.7,197,21.2,0.53,2.77
2023-04-12T13:00,26.7,13,-4,23.9,997.8,833,0,0,0,0,0,0,0,11.4,193,17.3,0.63,3.06
2023-04-12T14:00,28,11,-5.2,25.4,996.3,832.4,0,0,0,0,0,0,0,12.2,204,24.8,0.71,3.36
2023-04-12T15:00,28.4,11,-4.9,25.1,995.3,831.7,0,0,0,2,0,2,0,17.7,327,31.3,0.77,3.44
2023-04-12T16:00,29.1,9,-7,27.3,993.1,830.3,0,0,0,81,0,81,0,6.6,189,26.3,0.67,3.68
2023-04-12T17:00,28.9,9,-7.2,26,992.7,829.8,0,0,0,0,0,0,0,10,249,24.1,0.64,3.62
2023-04-12T18:00,29.2,11,-4.3,25.7,990.8,828.4,0,0,0,99,0,99,0,10.1,305,36.4,0.55,3.6
2023-04-12T19:00,27.8,9,-8,22.6,991.3,828.1,0,0,0,79,0,79,0,15.1,282,35.3,0.42,3.41
2023-04-12T20:00,27.4,11,-5.7,23.2,991.5,828.1,0,0,0,52,0,52,0,9,275,24.8,0.25,3.25
2023-04-12T21:00,25.6,10,-8.3,20,992.4,827.9,0,0,0,93,0,93,0,17,253,27,0.26,2.95
2023-04-12T22:00,22.8,12,-8.1,18.8,994.5,828.3,0,0,0,99,0,99,0,6.4,223,18.7,0.11,2.44
2023-04-12T23:00,21.3,12,-9.3,16.6,995.5,828.4,0,0,0,99,0,99,0,10,116,20.5,0.12,2.23
2023-04-13T00:00,19.7,16,-6.9,15.3,996.6,828.5,0,0,0,31,0,31,2,9.8,114,23.8,0.1,1.93
2023-04-13T01:00,18.6,17,-6.9,14.4,996.9,828.2,0,0,0,53,0,53,0,8.8,145,8.6,0.09,1.78
2023-04-13T02:00,16.5,21,-5.9,12,998.1,828.1,0,0,0,1,0,0,1,11.7,189,13.3,0.1,1.49
2023-04-13T03:00,16,23,-5.1,11.5,998,827.7,0,0,0,0,0,0,0,11.6,202,17.6,0.1,1.4
2023-04-13T04:00,15.6,25,-4.4,11.2,997.9,827.4,0,0,0,1,0,0,1,11.2,178,27.7,0.09,1.33
2023-04-13T05:00,17.2,24,-3.6,12,996.4,827,0,0,0,100,0,76,100,17.6,181,32,0.14,1.49
2023-04-13T06:00,17.2,23,-4.1,12.2,996.4,827,0,0,0,99,0,99,2,15.6,206,24.1,0.13,1.51
2023-04-13T07:00,16.1,28,-2.4,11.9,996.6,826.6,0,0,0,99,0,99,4,12.2,204,21.6,0.1,1.32
2023-04-13T08:00,16,27,-3,12.1,996.2,826.2,0,0,0,99,0,99,16,9.4,184,14,0.08,1.33
2023-04-13T09:00,16.6,27,-2.5,12,996,826.4,0,0,0,100,0,100,26,14.6,189,26.6,0.09,1.38
2023-04-13T10:00,17.8,28,-1,12.7,995.3,826.4,0,0,0,99,0,99,98,19.3,201,37.8,0.2,1.47
2023-04-13T11:00,18.3,26,-1.6,13,994.7,826.2,0,0,0,99,0,99,99,20.4,171,29.5,0.27,1.56
2023-04-13T12:00,19.8,24,-1.4,14.8,993.6,826,0,0,0,100,0,98,100,18.5,173,25.2,0.38,1.76
2023-04-13T13:00,22.2,16,-4.8,18.5,991.4,825.4,0,0,0,99,0,27,99,15.6,172,34.9,0.57,2.25
2023-04-13T14:00,23.7,16,-3.6,19.9,989.8,824.8,0,0,0,99,0,29,99,20,206,40.7,0.67,2.46
2023-04-13T15:00,23.7,15,-4.5,20.2,988.3,823.6,0,0,0,81,0,12,81,13.8,141,32.8,0.59,2.5
2023-04-13T16:00,24.7,12,-6.6,21.5,986.9,822.9,0,0,0,98,0,98,98,14.4,181,30.2,0.67,2.74
2023-04-13T17:00,24.3,11,-8.1,18.6,986,822,0,0,0,98,0,81,98,18,213,38.5,0.42,2.7
2023-04-13T18:00,25,10,-8.7,19.8,984.9,821.4,0,0,0,99,0,99,99,16.1,222,31.7,0.52,2.86
2023-04-13T19:00,23.5,11,-8.7,17.8,985.8,821.4,0,0,0,99,0,82,99,17.7,275,33.5,0.29,2.58
2023-04-13T20:00,23.4,8,-12.8,17.2,985.6,821.2,0,0,0,98,0,0,98,18.5,262,36,0.35,2.65
2023-04-13T21:00,21.1,13,-8.4,16.6,987.5,821.6,0,0,0,100,0,0,100,9.9,237,24.5,0.16,2.18
2023-04-13T22:00,19,14,-9.1,15.1,989.3,822.1,0,0,0,99,0,99,99,5,270,22,0.08,1.9
2023-04-13T23:00,18,16,-8.2,13.7,991.8,823.6,0,0,0,72,0,72,0,8.8,99,31.7,0.09,1.74
2023-04-14T00:00,16.2,16,-9.7,11.2,993.2,823.8,0,0,0,77,0,77,7,12,83,34.9,0.11,1.55
2023-04-14T01:00,14.9,17,-10,10.6,994.1,823.9,0,0,0,64,0,64,36,6.8,302,38.5,0.06,1.41
2023-04-14T02:00,13.3,19,-9.8,9.7,995.6,824.3,0,0,0,99,0,99,99,2.6,74,2.9,0.02,1.24
2023-04-14T03:00,13.6,21,-8.3,8.8,996.4,825.1,0,0,0,100,0,99,100,11.5,49,14.4,0.09,1.23
2023-04-14T04:00,11.8,43,-0.4,6.8,999.5,826.7,0,0,0,100,0,100,100,19.3,45,39.2,0.09,0.79
2023-04-14T05:00,11.1,37,-3.1,6.4,1000.8,827.4,0,0,0,100,0,100,21,14.5,23,30.2,0.08,0.83
2023-04-14T06:00,9.4,43,-2.5,5.8,1002.6,828,0,0,0,8,1,8,0,8.1,32,18.4,0.04,0.68
2023-04-14T07:00,7.7,53,-1.3,4.2,1004.6,828.7,0,0,0,65,31,65,61,8.3,56,17.3,0.03,0.5
2023-04-14T08:00,7.6,59,0.1,4.2,1005.4,829.3,0,0,0,100,100,100,4,9.4,43,14.8,0.02,0.43
2023-04-14T09:00,7.3,62,0.5,3.5,1006,829.6,0,0,0,100,100,100,8,11.6,54,19.4,0.05,0.39
2023-04-14T10:00,5.4,81,2.4,1.2,1008,830.2,0.4,0.6,0,100,100,100,0,17.2,57,25.6,0.04,0.17
2023-04-14T11:00,4.4,84,1.9,0.3,1009,830.4,0,0,0,100,100,89,0,15.9,38,24.1,0.05,0.13
2023-04-14T12:00,3.4,93,2.4,0.1,1010.5,831.1,0.4,0.6,0,100,100,100,0,11,41,16.6,0.04,0.05
2023-04-14T13:00,2.3,100,2.3,-1.1,1012.2,831.9,0,0,0,100,100,96,0,11.6,30,16.9,0.03,0
2023-04-14T14:00,1.8,100,1.8,-1.8,1012.5,831.8,0.4,0.6,0,100,100,100,0,12,21,15.1,0.03,0
2023-04-14T15:00,2.1,100,2.1,-1.7,1011.8,831.4,1.1,1.65,0,100,100,100,0,13.7,30,18.4,0.06,0
2023-04-14T16:00,2.3,100,2.3,-1.6,1011.7,831.5,0,0,0,100,100,99,68,15,11,21.6,0.08,0
2023-04-14T17:00,2.7,93,1.7,-0.7,1011.9,831.8,0,0,0,100,100,62,7,10.5,41,14,0.11,0.05
2023-04-14T18:00,2.6,96,2,-0.9,1011.6,831.5,0.7,1.05,0,100,100,99,13,11.3,59,15.1,0.08,0.03
2023-04-14T19:00,2.5,95,1.8,-1.3,1012.3,832.1,1.4,2.1,0,100,100,100,22,13.8,7,16.2,0.07,0.04
2023-04-14T20:00,2.6,92,1.4,-0.3,1013.3,832.9,0,0,0,100,100,99,58,6.6,49,7.9,0.04,0.06
2023-04-14T21:00,2.5,94,1.6,-1,1013.3,832.9,0.7,1.05,0,100,100,99,63,11,23,14,0.02,0.04
2023-04-14T22:00,2.1,94,1.2,-1.4,1015,834,0,0,0,100,100,99,65,11,23,15.1,0.01,0.04
2023-04-14T23:00,1.9,93,0.9,-1.8,1016.2,834.9,0,0,0,100,100,99,49,12.3,32,15.1,0,0.05
2023-04-15T00:00,1.8,90,0.4,-1.7,1017.6,836,0,0,0,100,100,99,54,9.8,17,13,0,0.07
2023-04-15T01:00,1.2,95,0.5,-2.2,1018.1,836.1,0,0,0,100,100,85,0,9.3,16,11.9,0,0.03
2023-04-15T02:00,1.1,94,0.3,-2.2,1018.4,836.3,0,0,0,100,100,86,0,8.8,9,13,0,0.04
2023-04-15T03:00,0.9,94,0,-2.6,1018.9,836.5,0,0,0,100,100,0,0,9.2,26,14.8,0,0.04
2023-04-15T04:00,0.8,95,0.1,-2.3,1019.9,837.3,0,0,0,100,100,10,0,7.2,18,11.2,0,0.03
2023-04-15T05:00,1,93,0,-1.6,1019.7,837.3,0,0,0,100,100,4,0,3.6,6,6.5,0,0.05
2023-04-15T06:00,1.2,94,0.3,-1.1,1020.1,837.7,0,0,0,100,100,99,0,1.3,34,3.6,0,0.04
2023-04-15T07:00,1.6,89,0,-1,1020.6,838.4,0,0,0,100,100,99,0,3.5,336,6.1,0,0.08
2023-04-15T08:00,1.3,89,-0.3,-1.6,1021.3,838.8,0,0,0,74,44,74,0,5.2,348,9.7,0,0.07
2023-04-15T09:00,0.8,96,0.3,-1.9,1022.6,839.5,0,0,0,6,4,6,0,4.6,72,12.6,0,0.03
2023-04-15T10:00,1.9,86,-0.2,-0.4,1022.8,840.3,0,0,0,13,13,0,0,1.1,72,17.3,0.09,0.1
2023-04-15T11:00,3.9,61,-2.9,0.2,1021.7,840.6,0,0,0,5,5,4,0,7.9,3,26.6,0.19,0.32
2023-04-15T12:00,5.3,53,-3.5,2.1,1020.6,840.5,0,0,0,32,28,32,0,8.1,347,31.7,0.26,0.42
2023-04-15T13:00,6.8,44,-4.6,4.1,1020.5,841.3,0,0,0,41,38,41,0,9,16,31,0.33,0.56
2023-04-15T14:00,8,36,-6.2,3.2,1019.7,841.3,0,0,0,100,41,100,0,13.5,9,33.5,0.24,0.69
2023-04-15T15:00,8.7,35,-5.9,5.1,1019.3,841.4,0,0,0,100,39,100,0,14.6,9,29.5,0.38,0.73
2023-04-15T16:00,9.2,41,-3.4,6.3,1019.5,841.8,0,0,0,100,44,100,0,14.2,27,29.9,0.4,0.69
2023-04-15T17:00,9.1,40,-3.8,5.2,1020,842.2,0,0,0,99,45,99,0,18.1,17,30.2,0.37,0.69
2023-04-15T18:00,8.9,42,-3.3,5.1,1020.1,842.1,0,0,0,99,36,99,0,8.1,32,25.9,0.27,0.66
2023-04-15T19:00,10.1,23,-10.1,3.3,1019.1,842,0,0,0,99,0,99,0,24,303,40.7,0.29,0.95
2023-04-15T20:00,9.6,22,-11.1,4.8,1020.2,842.6,0,0,0,16,0,16,0,10.6,332,23.4,0.19,0.94
2023-04-15T21:00,7.6,41,-4.8,4.3,1022.1,843.1,0,0,0,7,0,7,0,3.6,96,16.2,0.06,0.62
2023-04-15T22:00,6.3,24,-12.8,2.6,1023.6,843.6,0,0,0,0,0,0,0,1.8,323,18,0.03,0.73
2023-04-15T23:00,4.2,41,-7.9,0.4,1025.9,844.2,0,0,0,0,0,0,0,4.7,113,5,0.02,0.49
2023-04-20T00:00,0.4,94,-0.4,-2.8,1016.4,832.1,0,0,0,100,51,100,0,6.8,162,8.6,0,0.04
2023-04-20T01:00,1.6,87,-0.3,-1.4,1016,832.5,0,0,0,100,15,100,0,5.9,169,9.7,0,0.09
2023-04-20T02:00,0.9,68,-4.4,-4.1,1017.8,833.5,0,0,0,14,1,14,0,15.3,262,26.3,0.02,0.21
2023-04-20T03:00,-0.8,64,-6.8,-5.5,1019.2,833.6,0,0,0,0,0,0,0,11.3,277,17.3,0.02,0.21
2023-04-20T04:00,-0.2,67,-5.6,-4.8,1019.4,834.2,0,0,0,0,0,0,0,11.8,297,15.1,0.02,0.2
2023-04-20T05:00,-0.3,56,-8,-4.7,1019.1,833.9,0,0,0,0,0,0,0,8.9,328,12.6,0.02,0.26
2023-04-20T06:00,-0.1,47,-10.1,-4.3,1019.2,834.1,0,0,0,0,0,0,0,6.5,270,6.8,0.02,0.32
2023-04-20T07:00,-1.2,52,-9.8,-5.8,1021.1,835,0,0,0,0,0,0,0,9.5,279,12.6,0.02,0.27
2023-04-20T08:00,-2.2,54,-10.3,-7.2,1021.9,835,0,0,0,0,0,0,0,11.2,264,16.6,0.02,0.24
2023-04-20T09:00,-1.7,51,-10.5,-7.7,1022.5,835.8,0,0,0,0,0,0,0,18.5,257,36.7,0.04,0.27
2023-04-20T10:00,0.3,40,-11.8,-6.6,1021.9,836.5,0,0,0,0,0,0,0,23.5,266,41.8,0.12,0.37
2023-04-20T11:00,2.5,31,-13,-4.4,1020.3,836.5,0,0,0,0,0,0,0,23.4,271,31.7,0.21,0.5
2023-04-20T12:00,4.4,25,-13.9,-1.6,1018.5,836.2,0,0,0,28,0,28,0,23.3,279,36.7,0.29,0.63
2023-04-20T13:00,6,20,-15.3,0.7,1016.9,835.8,0,0,0,37,0,37,0,22.9,296,38.2,0.36,0.75
2023-04-20T14:00,6.7,15,-18.2,-1,1016.6,835.9,0,0,0,99,0,99,0,27.6,306,37.1,0.3,0.83
2023-04-20T15:00,7.7,15,-17.4,3,1015.2,835.3,0,0,0,100,0,100,0,21.2,302,36.4,0.44,0.89
2023-04-20T16:00,8.3,13,-18.6,2.9,1014.8,835.4,0,0,0,99,0,99,0,21.9,311,36,0.41,0.95
2023-04-20T17:00,7.6,11,-21.1,-0.1,1015.2,835.3,0,0,0,90,0,90,0,25.8,289,32.4,0.21,0.93
2023-04-20T18:00,7.3,13,-19.4,1.3,1015.6,835.5,0,0,0,100,0,100,0,15.1,308,20.5,0.25,0.89
2023-04-20T19:00,7.6,18,-15.2,1.8,1015.7,835.7,0,0,0,100,0,100,0,15.3,351,24.8,0.21,0.86
2023-04-20T20:00,7,16,-17.2,1,1015.9,835.5,0,0,0,100,0,100,0,15.4,323,23,0.19,0.84
2023-04-20T21:00,6.1,24,-13,0.5,1018.1,836.8,0,0,0,100,0,100,0,14.6,350,22.3,0.11,0.71
2023-04-20T22:00,4.9,23,-14.6,-1.6,1020.2,837.8,0,0,0,100,0,100,0,20,308,26.6,0.11,0.67
2023-04-20T23:00,4.2,22,-15.7,-1.5,1021.4,838.4,0,0,0,100,0,100,0,13.9,339,31,0.07,0.64
2023-04-21T00:00,2.1,27,-15,-2.6,1022.3,837.9,0,0,0,66,0,66,0,8,288,12.2,0.04,0.52
2023-04-21T01:00,0.6,29,-15.4,-4.2,1024.2,838.6,0,0,0,12,0,12,0,8.4,277,10.8,0.04,0.45
2023-04-21T02:00,-0.8,34,-14.8,-5.9,1025.4,838.7,0,0,0,0,0,0,0,10,232,13.7,0.04,0.38
2023-04-21T03:00,-1.5,35,-15,-5.7,1026.4,839.1,0,0,0,0,0,0,0,4.3,114,4.3,0.01,0.36
2023-04-21T04:00,-2.1,50,-11.2,-7,1026.7,839,0,0,0,0,0,0,0,10.1,125,13.7,0.02,0.26
2023-04-21T05:00,-4.4,60,-11,-9.3,1028.6,839.1,0,0,0,0,0,0,0,10.5,158,13.3,0.01,0.18
2023-04-21T06:00,-5.5,61,-11.9,-10.2,1028.9,838.7,0,0,0,0,0,0,0,8.5,168,8.6,0.01,0.16
2023-04-21T07:00,-5.7,63,-11.6,-10.5,1029.2,838.8,0,0,0,2,2,0,0,9.7,178,10.1,0.01,0.15
2023-04-21T08:00,-5.6,59,-12.4,-10.4,1029.3,838.9,0,0,0,100,1,100,100,9.1,173,9.7,0.01,0.17
2023-04-21T09:00,-4.5,55,-12.2,-9.2,1028.2,838.7,0,0,0,100,0,100,100,8.4,187,14.4,0.01,0.2
2023-04-21T10:00,0.7,34,-13.4,-4.1,1023.9,838.4,0,0,0,100,0,100,100,8.9,201,14,0.1,0.42
2023-04-21T11:00,3.7,22,-16.1,-2.6,1021.3,838.1,0,0,0,100,0,100,100,18,272,22,0.2,0.62
2023-04-21T12:00,5.5,19,-16.4,0.2,1019.2,837.4,0,0,0,100,0,100,2,15.5,273,29.5,0.29,0.73
2023-04-21T13:00,7,18,-15.8,3.1,1017.5,836.8,0,0,0,100,0,100,3,11.7,313,26.6,0.37,0.82
2023-04-21T14:00,8.7,16,-15.8,4.7,1015.1,835.8,0,0,0,100,0,100,100,14,312,33.1,0.41,0.94
2023-04-21T15:00,9.7,15,-15.7,6,1013.3,834.9,0,0,0,24,0,24,16,14.9,328,39.6,0.46,1.02
2023-04-21T16:00,11.1,19,-11.7,4.8,1011.6,834.3,0,0,0,100,0,100,85,29.3,298,49,0.44,1.07
2023-04-21T17:00,11.3,21,-10.3,4.7,1011,833.9,0,0,0,100,0,100,100,27.3,310,45.7,0.39,1.06
2023-04-21T18:00,11.6,22,-9.4,4.2,1010.3,833.5,0,0,0,100,0,100,100,31.9,294,49,0.38,1.07
2023-04-21T19:00,10.4,23,-9.9,2.2,1011,833.4,0,0,0,100,0,100,100,33.8,329,46.8,0.25,0.97
2023-04-21T20:00,9.7,26,-8.9,2.2,1011.6,833.5,0,0,0,100,0,100,100,29.6,334,44.3,0.2,0.89
2023-04-21T21:00,9,28,-8.6,2.3,1012.6,834,0,0,0,100,0,100,100,24.7,341,37.4,0.15,0.83
2023-04-21T22:00,7.8,33,-7.5,2.6,1014,834.4,0,0,0,100,0,100,86,15.1,357,28.8,0.1,0.71
2023-04-21T23:00,7,36,-7.1,2.6,1014.7,834.5,0,0,0,100,0,100,36,9.4,2,25.2,0.05,0.64
2023-04-22T00:00,3.8,73,-0.6,-1.8,1018.5,835.8,0.4,0.4,0,100,100,100,21,23.3,55,32.4,0.03,0.22
2023-04-22T01:00,2.2,89,0.6,-2.6,1020.5,836.5,0,0,0,100,95,100,16,19.1,58,26.6,0,0.08
2023-04-22T02:00,1.5,95,0.7,-2.5,1021.9,837.2,0.4,0.13,0.19,100,100,100,71,13,39,16.6,0,0.03
2023-04-22T03:00,1.2,95,0.4,-2.6,1022.5,837.5,0.4,0.05,0.24,100,100,100,100,11.4,28,15.1,0,0.03
2023-04-22T04:00,0.9,94,0,-2.9,1022.8,837.6,0,0,0,100,100,100,100,11.6,30,14.8,0,0.04
2023-04-22T05:00,0.8,87,-1.2,-3.6,1022.7,837.5,0,0,0,100,100,100,100,14.1,40,18.4,0,0.08
2023-04-22T06:00,0.3,81,-2.6,-4.1,1023.4,837.7,0,0,0,100,100,100,20,13,42,17.6,0.01,0.12
2023-04-22T07:00,-1.2,89,-2.8,-6.2,1024.7,837.9,0.7,0,0.49,100,100,100,10,17.3,69,22,0,0.06
2023-04-22T08:00,-2.7,89,-4.3,-7.3,1026,838.1,0.4,0,0.28,100,54,100,0,13.4,84,19.1,0,0.06
2023-04-22T09:00,-2.9,90,-4.3,-7.5,1026.8,838.6,0,0,0,100,100,100,1,12.8,68,18,0,0.05
2023-04-22T10:00,-3,92,-4.1,-7.5,1027.1,838.8,0.4,0,0.28,100,100,100,2,12.6,70,17.3,0.03,0.04
2023-04-22T11:00,-2.5,92,-3.7,-7,1026.7,838.7,0.4,0,0.28,100,100,100,98,12.3,69,15.1,0.1,0.04
2023-04-22T12:00,-1.9,89,-3.5,-6.2,1025.7,838.3,0.4,0,0.28,100,100,100,90,12.1,73,14,0.14,0.06
2023-04-22T13:00,-1.2,89,-2.8,-4.6,1024.9,838.1,0,0,0,100,100,100,17,10.5,86,12.6,0.19,0.06
2023-04-22T14:00,-0.5,88,-2.3,-2.8,1024.4,838.1,0.4,0,0.28,100,100,100,80,9.7,92,11.2,0.24,0.07
2023-04-22T15:00,3.1,65,-2.9,-0.3,1023.3,839.3,0,0,0,100,100,41,100,9.4,108,12.2,0.25,0.27
2023-04-22T16:00,4.1,62,-2.6,0.8,1022.1,838.9,0,0,0,100,90,100,100,9,95,13.3,0.26,0.31
2023-04-22T17:00,5.2,59,-2.2,2.6,1020.5,838.3,0,0,0,100,81,100,100,8.9,104,14,0.3,0.36
2023-04-22T18:00,5.9,57,-2,2.8,1019.4,837.8,0,0,0,100,65,99,100,8,117,12.2,0.27,0.4
2023-04-22T19:00,5.7,60,-1.5,1.8,1019.3,837.6,0,0,0,100,100,100,100,10.3,119,12.6,0.14,0.37
2023-04-22T20:00,5.5,63,-1,1.6,1019.6,837.7,0,0,0,100,96,100,100,10.8,116,11.5,0.11,0.33
2023-04-22T21:00,4.3,74,0.1,0.4,1020.6,837.8,0,0,0,100,100,100,100,12.4,126,11.9,0.05,0.22
2023-04-22T22:00,2.6,89,1,-1.4,1022.4,838.3,0,0,0,100,100,100,100,14,136,14.4,0.02,0.08
2023-04-22T23:00,2.3,94,1.4,-1.5,1023.2,838.8,0,0,0,100,100,100,100,13.2,135,18,0,0.04
2023-04-23T00:00,2.6,91,1.3,-0.5,1022.6,838.5,0,0,0,100,100,100,10,8,117,14,0,0.07
2023-04-23T01:00,2.1,91,0.8,-1.2,1022.1,837.8,0,0,0,100,80,100,10,8.7,120,15.8,0,0.06
2023-04-23T02:00,1.6,90,0.1,-2.3,1022,837.4,0,0,0,100,70,100,45,12.4,144,19.8,0,0.07
2023-04-23T03:00,1.4,84,-1,-2.6,1021.7,837,0,0,0,100,21,100,5,11.7,162,25.2,0,0.11
2023-04-23T04:00,1,82,-1.7,-3.3,1021.2,836.4,0,0,0,100,8,100,0,12.9,162,31.3,0,0.12
2023-04-23T05:00,1.1,82,-1.6,-3.5,1020.4,835.8,0,0,0,100,5,100,0,15.1,168,31,0.01,0.12
2023-04-23T06:00,1,82,-1.7,-3.7,1020.6,835.9,0,0,0,100,10,100,0,15.8,181,25.9,0.01,0.12
2023-04-23T07:00,0.7,85,-1.6,-3.9,1020.7,835.8,0,0,0,100,14,100,0,15.2,202,17.6,0,0.1
2023-04-23T08:00,0.2,89,-1.4,-3.8,1021,835.7,0,0,0,100,10,100,0,11,229,8.6,0,0.07
2023-04-23T09:00,0.6,91,-0.7,-3,1021.2,836.1,0,0,0,100,10,100,0,9,265,11.9,0.01,0.06
2023-04-23T10:00,2.4,82,-0.4,-1.4,1020,836.2,0,0,0,100,14,100,0,10.8,291,10.1,0.06,0.13
2023-04-23T11:00,4.4,74,0.2,0.9,1018.4,836.1,0,0,0,14,10,5,0,9.8,287,6.8,0.15,0.22
2023-04-23T12:00,6,65,-0.1,3.4,1016.8,835.7,0,0,0,19,10,5,5,6.3,294,3.2,0.26,0.33
2023-04-23T13:00,7.8,58,0,6.6,1015.2,835.4,0,0,0,57,5,0,49,3.9,326,2.5,0.37,0.44
2023-04-23T14:00,9.3,52,-0.1,8.7,1013.6,834.9,0,0,0,100,5,5,100,4,360,3.6,0.44,0.56
2023-04-23T15:00,10.6,47,-0.3,10.4,1012.1,834.4,0,0,0,100,5,5,100,3.7,11,4,0.49,0.68
2023-04-23T16:00,11.5,43,-0.7,10.7,1011,834,0,0,0,100,5,5,100,4.1,15,5,0.46,0.77
2023-04-23T17:00,11.9,41,-1,10.1,1010.1,833.5,0,0,0,100,10,5,100,5.7,18,5.8,0.41,0.82
2023-04-23T18:00,12.2,40,-1,9.5,1009.4,833.1,0,0,0,100,10,5,100,5.6,27,6.1,0.34,0.85
2023-04-23T19:00,12.4,39,-1.2,9.3,1009,832.9,0,0,0,100,5,100,100,5.6,63,4.7,0.26,0.88
2023-04-23T20:00,12.3,39,-1.3,9.3,1009.2,833,0,0,0,100,5,100,100,4.5,104,6.1,0.16,0.87
2023-04-23T21:00,11.1,50,1,8.3,1010,833,0,0,0,100,5,100,100,5.8,112,9.7,0.09,0.66
2023-04-23T22:00,8.2,52,-1.1,4.8,1012.4,833.3,0,0,0,82,5,77,10,7.2,108,10.1,0.04,0.52
2023-04-23T23:00,8.1,52,-1.2,4.5,1012.9,833.7,0,0,0,70,5,64,5,9,119,9.4,0.03,0.52
2023-04-24T00:00,7.3,54,-1.4,3.8,1013.2,833.5,0,0,0,54,5,47,5,7.9,141,8.6,0.02,0.47
2023-04-24T01:00,6.9,55,-1.5,2.9,1012.8,832.9,0,0,0,9,5,5,0,11.2,159,10.4,0.03,0.45
2023-04-24T02:00,5.6,68,0.1,1.2,1013.6,832.8,0,0,0,13,5,0,5,15.7,164,11.9,0.03,0.29
2023-04-24T03:00,5.1,79,1.7,0.8,1013.7,832.6,0,0,0,6,5,0,0,16.4,165,13.7,0.01,0.18
2023-04-24T04:00,5.1,77,1.4,0.9,1013.1,832.1,0,0,0,11,0,0,10,15.5,179,13.3,0.02,0.2
2023-04-24T05:00,4.9,69,-0.3,0.7,1012.8,831.8,0,0,0,46,0,0,45,13.7,194,15.1,0.02,0.27
2023-04-24T06:00,4.5,72,-0.1,0.6,1013.4,832,0,0,0,11,0,0,10,12.1,210,11.2,0.02,0.24
2023-04-24T07:00,3.7,78,0.2,0.4,1013.6,831.7,0,0,0,12,0,0,10,7.9,227,8.3,0,0.18
2023-04-24T08:00,3,81,0,0.3,1013.9,831.6,0,0,0,100,0,0,100,3.5,246,4.7,0,0.14
2023-04-24T09:00,4.8,72,0.2,1.7,1013.3,832.1,0,0,0,100,0,5,100,6.6,292,6.1,0.02,0.24
2023-04-24T10:00,6.6,64,0.3,3.9,1011.9,832,0,0,0,100,0,38,100,4.2,329,4.3,0.07,0.35
2023-04-24T11:00,7.9,60,0.6,5.2,1010.7,831.8,0,0,0,100,0,100,100,4.2,340,5,0.13,0.43
2023-04-24T12:00,8.6,58,0.8,5.7,1010.8,832.2,0,0,0,100,0,100,100,6.1,315,5,0.15,0.47
2023-04-24T13:00,9.6,56,1.2,6.6,1010.1,832.2,0,0,0,100,0,100,100,7.3,349,6.1,0.2,0.53
2023-04-24T14:00,10.5,54,1.6,7.4,1008.7,831.6,0,0,0,100,0,100,100,8.2,15,6.8,0.24,0.58
2023-04-24T15:00,12.5,48,1.8,10.9,1006.5,830.9,0,0,0,100,0,100,100,8.7,30,8.6,0.43,0.75
2023-04-24T16:00,14.2,43,1.8,13.5,1004.8,830.4,0,0,0,16,0,10,5,8.8,35,7.6,0.53,0.92
2023-04-24T17:00,15.1,39,1.2,14.1,1003.6,829.9,0,0,0,6,0,0,5,7.9,30,7.6,0.51,1.05
2023-04-24T18:00,15.5,37,0.8,13.8,1002.6,829.3,0,0,0,17,5,0,9,7.3,11,10.8,0.44,1.11
2023-04-24T19:00,15.5,37,0.8,13,1002.5,829.2,0,0,0,14,5,0,5,5.8,356,11.9,0.35,1.11
2023-04-24T20:00,15.3,38,1,12.3,1002.8,829.3,0,0,0,11,5,0,5,6.8,357,10.1,0.23,1.08
2023-04-24T21:00,13.7,47,2.6,10.8,1004.2,829.6,0,0,0,15,0,0,10,8,10,10.1,0.12,0.83
2023-04-24T22:00,11,52,1.5,7,1006.2,829.8,0,0,0,100,5,5,100,14.6,33,14.8,0.07,0.63
2023-04-24T23:00,7.9,79,4.5,3.9,1009.2,830.5,0.2,0.1,0,14,5,5,5,18.3,58,25.9,0.02,0.22